{"song_id": 1, "song_name": "Brad-Sucks--Total-Breakdown", "file_sha1": "02A83F248EFDA76A46C8B2AC97798D2CE9BC1FBE", "confidence": 57, "offset_seconds": 0.41796, "match_time": 1.1248509883880615, "offset": 9}
